"parameter","original"
"alp",-0.00689314466109754
"Kd",0.206075586700552
"ksorp",0.0364075447866028
"f",0.11702587675812
"kvol",-0.0241940510075262
"kdiff",-0.00715156743917154
"kbulk",-0.898434243624157
"kbios",-0.121900301349089
