"","alp","Kd","kbulk"
"mean",1.23970308468677,13.3134572021933,2.01984144737668
"sd",0.441221566043832,2.6883891190573,0.241368170665635
"min",0.500395344809748,10.0009160834996,1.36209180391608
"max",1.99971819142966,24.770426063086,2.47751231465745
"q025",0.845749141286354,11.0831806741254,1.83977188056693
"q050",1.23273585109648,12.6807258664949,2.02464012008723
"q075",1.62226489888659,14.978247389916,2.20923720724475
