"","Hmax","ddrain","dperc","dseep","WHP","hflow","pfr","usage","Klevee","AppStdev","Kd","ksorp","kbulk"
"Min.",1.00883056947496,0.100297808182333,0.119965718923602,0.108472094622673,0.0950027547576465,1.07818017454771,0.028124610459106,0.0759168414893793,10.4772772436333,1.00745687140711,10.0001919011167,0.00601205858712263,1.53209728215625
"1st Qu.",1.39156754668779,0.379646648128284,0.347441838088725,0.295006453744066,0.766970007972093,1.945650817947,0.0911777515593055,0.157364288489218,13.7167122083087,1.75313165301736,10.9942696999923,0.0144763625400873,1.829711061235
"Median",2.00334759161994,0.611493775510835,0.519908836773504,0.538637989252107,2.79934406376211,3.03579348266963,0.126169193180576,0.20833450690913,17.2273875089386,2.87380442165397,12.3542945569782,0.0359625908302788,1.99550398828265
"Mean",2.67195277724321,0.580380193939302,0.549595560264293,0.524885059597172,2.85165750914707,3.84080607037472,0.122826166641618,0.201977299011392,17.4594213879233,2.80140484711087,13.3218881824102,0.0451376313788964,1.99006225607827
"3rd Qu.",2.74010284421197,0.794079023141321,0.789439319662843,0.729672891586623,4.38832460243558,5.11827676583221,0.155703786816467,0.250788703316299,21.3065085854358,3.67130326950643,15.0447957442031,0.069906204600393,2.18705015860856
"Max.",9.78515677209431,0.989060525154276,0.973136605661595,0.991118405126641,6.97988238540338,9.93216578219319,0.199095182610704,0.299712737318827,24.4152577367262,4.84035232490487,24.2405645189022,0.137021484007101,2.40345066739253
