"parameter","original"
"Hmax",-0.503101118915119
"ddrain",0.0338480860050893
"dperc",-0.109805054138956
"dseep",0.0613790172827319
"WHP",-0.300192463081012
"hflow",-0.278833182454455
"pfr",0.350153929133441
"usage",0.222997755084716
"Klevee",-0.0618557427936824
"AppStdev",-0.096279343726274
"Kd",-0.0321178014811761
"ksorp",-0.0346287815553176
"kbulk",-0.044345349241653
