"","Hmax","ddrain","dperc","dseep","WHP","hflow","pfr","usage","Klevee","AppStdev","alp","Kd","kbulk"
"Min.",1.01210322568286,0.101311729432922,0.115295828191424,0.102371757811215,0.0117677630521357,1.04873524146201,0.0245024695315771,0.0596428666097345,10.1669816484652,1.03513485693373,0.528523120803884,10.0018562971851,1.53389418413328
"1st Qu.",1.45932982507348,0.355299198164581,0.281849970504141,0.303317939332314,0.851150336592924,1.98839302819909,0.0975696905302722,0.153411167316197,14.6019629759277,2.00946023730421,0.809403630663667,10.9554584176089,1.86081881088135
"Median",2.00834890847513,0.586899034102797,0.505807293388457,0.543064870575164,2.32798071920918,3.43658945826534,0.134310317745786,0.197587917386321,17.8148088771815,3.08569143013656,1.21605626537288,12.0860132875787,2.01599739818479
"Mean",2.77358542441881,0.572232958824046,0.509580829081759,0.533786003218551,2.84211036786387,3.91257762837548,0.130535218142508,0.197010016745443,17.9954025910343,3.01641634824065,1.22039903883851,12.9378573165025,2.01888539823445
"3rd Qu.",3.09702504012058,0.763152717603208,0.747849238739244,0.786485839960293,4.69553124934761,5.52028913501895,0.171739740632273,0.248124301320146,21.6806575930904,3.92917576188873,1.62546756820695,13.7236832269471,2.19268252508405
"Max.",9.74714310697047,0.991428417924512,0.980579876006069,0.961044412473123,6.95713288794039,9.54167522842111,0.199567094873437,0.297915767639293,24.9444478394208,4.99460181935504,1.96937679383052,22.9320521612841,2.46641385267257
