"parameter","original"
"Hmax",-0.496990722132526
"ddrain",0.103252652995601
"dperc",-0.0809099698228663
"dseep",0.108710809473038
"WHP",-0.253327380716201
"hflow",-0.333682391526036
"pfr",0.316178422443984
"usage",0.256012474024083
"Klevee",-0.0895779430610225
"AppStdev",-0.0616824305701362
"alp",-0.000359092400048672
"Kd",-0.0703413122137614
"kbulk",-0.0292272634255631
