name,plot,Area,bulk,SatWC,AppR,kdiss,alp,CSLB,Kd,f,kdiff,ksorp,om,kvol,khyd,kphot,kbiow,kbulk,kbios,NA.,NA..1,NA..2
Herbicide X,LC,1,1.04,0.62,0.04,0.01,1,74,30.5619106206679,1,0.00256134673572465,0.0279973904073073,0.892441239705398,0.000191324006603525,0.00346573590279973,0.0213934314987637,0.0990210257942779,0.123880193195841,0.0364814305557866,NA,NA,NA
