name,plot,Area,bulk,SatWC,AppR,kdiss,alp,CSLB,Kd,f,kdiff,ksorp,om,kvol,khyd,kphot,kbiow,kbulk,kbios
Herbicide X,LC,1,1.04,0.62,0.04,0.01,1,74,10,1,0.00256134673572465,0.139986952036537,0.892441239705398,0.000191324006603525,0.00346573590279973,0.0213934314987637,0.0990210257942779,1.71953840631245,0.0364814305557866
